Expected_Speed,Variant,SPZ,Antena,First_time,Last_time,Seen,Pass_Number,RSSI_AVG
20,C,Front1,1,1737985690191,1737985691312,28,1,-67.41
20,C,Front3,1,1737985690280,1737985691390,28,1,-65.70
20,C,Front2,1,1737985690469,1737985691458,25,1,-65.76
20,C,Side3,1,1737985691723,1737985691851,4,1,-73.25
20,C,Side2,1,1737985691728,1737985691755,2,1,-71.00
20,C,Back1,1,1737985692919,1737985692919,1,1,-73.00
20,C,Front1,1,1737985774516,1737985775816,34,2,-65.25
20,C,Front3,1,1737985774675,1737985775951,33,2,-64.18
20,C,Front2,1,1737985774854,1737985775857,27,2,-63.59
20,C,Side1,1,1737985776120,1737985776272,5,1,-70.90
20,C,Side2,1,1737985776123,1737985776306,6,2,-68.17
20,C,Side3,1,1737985776125,1737985776378,8,2,-70.38
20,C,Back1,1,1737985777176,1737985777620,6,2,-72.33
20,C,Front1,1,1737985843122,1737985844367,33,3,-64.73
20,C,Front3,1,1737985843346,1737985844543,29,3,-62.67
20,C,Front2,1,1737985843423,1737985844396,26,3,-63.19
20,C,Side3,1,1737985844668,1737985844927,8,3,-69.88
20,C,Side1,1,1737985844669,1737985844824,5,2,-69.60
20,C,Side2,1,1737985844674,1737985844859,6,3,-66.83
20,C,Back1,1,1737985845581,1737985846102,8,3,-71.88
20,C,Back2,1,1737985845795,1737985845795,1,1,-76.00
20,C,Front1,1,1737985905300,1737985906594,34,4,-64.35
20,C,Front3,1,1737985905469,1737985906777,32,4,-63.38
20,C,Front2,1,1737985905696,1737985906681,25,4,-62.56
20,C,Side1,1,1737985906881,1737985907074,5,3,-70.10
20,C,Side2,1,1737985906882,1737985907086,6,4,-66.58
20,C,Side3,1,1737985906885,1737985907162,8,4,-69.38
20,C,Back1,1,1737985907761,1737985908313,8,4,-70.69
30,C,Front1,1,1737985972300,1737985973240,22,5,-64.82
30,C,Front3,1,1737985972465,1737985973353,20,5,-63.62
30,C,Front2,1,1737985972537,1737985973234,16,5,-62.53
30,C,Side1,1,1737985973436,1737985973556,4,4,-70.88
30,C,Side3,1,1737985973464,1737985973631,6,5,-70.67
30,C,Side2,1,1737985973479,1737985973553,3,5,-67.17
30,C,Back1,1,1737985974191,1737985974537,5,5,-73.10
30,C,Front1,1,1737986034827,1737986035566,18,6,-66.44
30,C,Front3,1,1737986034853,1737986035640,22,6,-66.14
30,C,Front2,1,1737986034924,1737986035655,20,6,-66.33
30,C,Side3,1,1737986035887,1737986035964,3,6,-74.67
30,C,Front1,1,1737986093119,1737986093929,22,7,-65.30
30,C,Front3,1,1737986093207,1737986094051,21,7,-64.74
30,C,Front2,1,1737986093358,1737986094029,17,7,-63.97
30,C,Side2,1,1737986094181,1737986094300,4,6,-68.75
30,C,Side1,1,1737986094183,1737986094268,3,5,-70.83
30,C,Side3,1,1737986094195,1737986094393,6,7,-71.83
30,C,Back1,1,1737986094908,1737986095063,4,6,-73.12
30,C,Front1,1,1737986151046,1737986151931,24,8,-66.08
30,C,Front3,1,1737986151133,1737986151976,21,8,-63.74
30,C,Front2,1,1737986151293,1737986151974,19,8,-64.63
30,C,Side2,1,1737986152114,1737986152240,4,7,-69.75
30,C,Side1,1,1737986152118,1737986152189,3,6,-71.17
30,C,Side3,1,1737986152207,1737986152310,4,8,-71.12
30,C,Back1,1,1737986152972,1737986152972,1,7,-74.50
50,C,Front1,1,1737986203853,1737986204345,14,9,-66.29
50,C,Front3,1,1737986203939,1737986204348,12,9,-63.71
50,C,Front2,1,1737986204007,1737986204351,10,9,-63.65
50,C,Side2,1,1737986204480,1737986204535,2,8,-69.25
50,C,Side1,1,1737986204501,1737986204501,1,7,-73.00
50,C,Side3,1,1737986204515,1737986204531,2,9,-71.25
50,C,Front1,1,1737986255763,1737986256245,14,10,-65.82
50,C,Front3,1,1737986255832,1737986256248,12,10,-63.08
50,C,Front2,1,1737986255913,1737986256250,10,10,-63.40
50,C,Side2,1,1737986256363,1737986256440,3,9,-68.83
50,C,Side1,1,1737986256366,1737986256396,2,8,-70.25
50,C,Side3,1,1737986256437,1737986256468,2,10,-70.25
50,C,Back1,1,1737986256921,1737986256921,1,8,-72.00
50,C,Front1,1,1737986317418,1737986317919,14,11,-66.46
50,C,Front3,1,1737986317489,1737986317979,13,11,-65.00
50,C,Front2,1,1737986317565,1737986317965,11,11,-64.95
50,C,Side2,1,1737986318064,1737986318109,2,10,-68.75
50,C,Side3,1,1737986318076,1737986318180,3,11,-73.50
50,C,Side1,1,1737986318095,1737986318095,1,9,-73.00
50,C,Back1,1,1737986318544,1737986318587,2,9,-75.25
50,C,Front1,1,1737986368683,1737986369207,13,12,-66.19
50,C,Front3,1,1737986368756,1737986369205,11,12,-63.86
50,C,Front2,1,1737986368824,1737986369234,10,12,-65.05
50,C,Side2,1,1737986369330,1737986369409,3,11,-68.33
50,C,Side1,1,1737986369334,1737986369362,2,10,-70.50
50,C,Side3,1,1737986369336,1737986369440,4,12,-71.00
50,C,Back1,1,1737986369932,1737986369967,2,10,-75.75
60,C,Front1,1,1737986420614,1737986421024,11,13,-65.86
60,C,Front3,1,1737986420709,1737986421050,10,13,-63.35
60,C,Front2,1,1737986420772,1737986421053,8,13,-63.62
60,C,Side1,1,1737986421183,1737986421183,1,11,-70.50
60,C,Side3,1,1737986421184,1737986421217,2,13,-69.00
60,C,Side2,1,1737986421189,1737986421214,2,12,-68.00
60,C,Front1,1,1737986484732,1737986485116,11,14,-64.50
60,C,Front3,1,1737986484821,1737986485120,9,14,-62.89
60,C,Front2,1,1737986484889,1737986485118,7,14,-62.00
60,C,Side2,1,1737986485295,1737986485330,2,13,-67.00
60,C,Side1,1,1737986485298,1737986485298,1,12,-69.50
60,C,Side3,1,1737986485300,1737986485326,2,14,-68.75
60,C,Back1,1,1737986485610,1737986485633,2,11,-72.75
60,C,Front1,1,1737986541445,1737986541816,10,15,-68.20
60,C,Front3,1,1737986541509,1737986541822,8,15,-64.62
60,C,Front2,1,1737986541584,1737986541819,6,15,-64.50
60,C,Side3,1,1737986541936,1737986541969,2,15,-71.25
60,C,Side2,1,1737986541939,1737986541966,2,14,-69.50
60,C,Back1,1,1737986542395,1737986542395,1,12,-76.00
60,C,Front1,1,1737986598344,1737986598759,12,16,-65.12
60,C,Front3,1,1737986598404,1737986598830,11,16,-63.86
60,C,Front2,1,1737986598495,1737986598760,8,16,-62.12
60,C,Side2,1,1737986598888,1737986598933,2,15,-67.50
60,C,Side3,1,1737986598892,1737986598931,2,16,-68.50
60,C,Side1,1,1737986598914,1737986598914,1,13,-71.00
60,C,Back1,1,1737986599239,1737986599280,2,13,-73.25
90,C,Front1,1,1737986663407,1737986663687,7,17,-65.86
90,C,Front2,1,1737986663475,1737986663713,6,17,-65.75
90,C,Front3,1,1737986663481,1737986663717,6,17,-63.67
90,C,Side3,1,1737986663811,1737986663843,2,17,-71.25
90,C,Side2,1,1737986663812,1737986663812,1,16,-68.50
50,C,Front1,1,1737987022346,1737987022868,14,18,-64.43
50,C,Front3,1,1737987022443,1737987022946,14,18,-63.39
50,C,Front2,1,1737987022515,1737987022919,11,18,-62.32
50,C,Side1,1,1737987023060,1737987023091,2,14,-67.25
50,C,Side3,1,1737987023061,1737987023138,3,18,-68.17
50,C,Side2,1,1737987023063,1737987023090,2,17,-63.75
50,C,Back1,1,1737987023445,1737987023611,4,14,-71.88
50,C,Back2,1,1737987023588,1737987023588,1,2,-75.00
50,C,Front2,1,1737987107722,1737987107834,4,19,-72.50
50,C,Front1,1,1737987107808,1737987107808,1,19,-75.50
50,C,Front2,1,1737987226817,1737987227001,5,20,-71.60
50,C,Front3,1,1737987226819,1737987227036,6,19,-69.08
50,C,Front1,1,1737987226821,1737987226927,4,20,-68.75
20,B,Front3,1,1737987468877,1737987469228,8,20,-73.56
20,B,Back1,1,1737987470312,1737987471328,14,15,-69.86
20,B,Back2,1,1737987470454,1737987470883,7,3,-70.71
20,B,Back3,1,1737987470602,1737987471029,3,1,-75.17
20,B,Front3,1,1737987553609,1737987554314,18,21,-69.56
20,B,Front2,1,1737987553684,1737987554107,11,21,-73.55
20,B,Front1,1,1737987553861,1737987554257,6,21,-73.08
20,B,Side1,1,1737987554443,1737987554510,3,15,-70.00
20,B,Side3,1,1737987554509,1737987554871,5,19,-70.70
20,B,Side2,1,1737987554513,1737987554536,2,18,-68.25
20,B,Back1,1,1737987555215,1737987556163,15,16,-69.43
20,B,Back2,1,1737987555475,1737987555775,6,4,-71.17
20,B,Back3,1,1737987555610,1737987555798,2,2,-72.50
20,B,Front3,1,1737987610607,1737987611320,17,22,-69.12
20,B,Front2,1,1737987610630,1737987611086,9,22,-73.39
20,B,Front1,1,1737987610763,1737987610951,6,22,-72.50
20,B,Side1,1,1737987611512,1737987611512,1,16,-70.00
20,B,Side3,1,1737987611514,1737987611620,4,20,-69.25
20,B,Side2,1,1737987611517,1737987611548,2,19,-68.00
20,B,Back1,1,1737987612228,1737987613581,18,17,-70.92
20,B,Back2,1,1737987612507,1737987613088,6,5,-72.67
30,B,Front3,1,1737987717128,1737987717625,10,23,-70.35
30,B,Front1,1,1737987717286,1737987717323,2,23,-75.25
30,B,Front2,1,1737987717375,1737987717375,1,23,-73.00
30,B,Side3,1,1737987717807,1737987717834,2,21,-70.50
30,B,Back1,1,1737987718373,1737987719338,11,18,-71.77
30,B,Front3,1,1737987761096,1737987761358,8,24,-68.81
30,B,Front1,1,1737987761240,1737987761240,1,24,-73.00
30,B,Front2,1,1737987761268,1737987761362,4,24,-73.00
30,B,Side1,1,1737987761642,1737987761642,1,17,-71.00
30,B,Side3,1,1737987761719,1737987761719,1,22,-71.00
30,B,Back1,1,1737987762168,1737987762906,11,19,-72.14
30,B,Front3,1,1737987808050,1737987808295,8,25,-71.06
30,B,Front2,1,1737987808342,1737987808380,2,25,-74.75
30,B,Back1,1,1737987809255,1737987809583,6,20,-73.08
50,B,Front3,1,1737987857382,1737987857698,8,26,-69.88
50,B,Front2,1,1737987857526,1737987857599,3,26,-72.50
50,B,Front1,1,1737987857528,1737987857528,1,25,-74.00
50,B,Back1,1,1737987858131,1737987858725,7,21,-72.07
50,B,Front3,1,1737987915453,1737987915615,5,27,-72.70
50,B,Back1,1,1737987916248,1737987916558,4,22,-75.25
50,B,Front3,1,1737987963698,1737987963797,4,28,-71.62
50,B,Front2,1,1737987963866,1737987963866,1,27,-76.50
50,B,Back1,1,1737987964403,1737987964819,7,23,-72.93
20,A,Front1,1,1737988038390,1737988038973,16,26,-62.59
20,A,Front2,1,1737988038480,1737988038901,12,28,-63.42
20,A,Front3,1,1737988038631,1737988039090,13,29,-55.73
20,A,Side1,1,1737988039160,1737988039525,10,18,-56.30
20,A,Side3,1,1737988039164,1737988039604,12,23,-59.46
20,A,Side2,1,1737988039166,1737988039568,11,20,-54.73
20,A,Back1,1,1737988039574,1737988040401,13,24,-62.38
20,A,Back3,1,1737988039771,1737988040280,10,3,-66.25
20,A,Back2,1,1737988039773,1737988040283,10,6,-61.75
20,A,Front1,1,1737988083093,1737988083631,15,27,-63.87
20,A,Front2,1,1737988083181,1737988083557,11,29,-64.41
20,A,Front3,1,1737988083254,1737988083734,14,30,-58.29
20,A,Side2,1,1737988083778,1737988084160,11,21,-55.64
20,A,Side1,1,1737988083780,1737988084112,10,19,-56.75
20,A,Side3,1,1737988083854,1737988084199,10,24,-57.50
20,A,Back1,1,1737988084173,1737988084903,15,25,-63.10
20,A,Back3,1,1737988084378,1737988084768,10,4,-66.30
20,A,Back2,1,1737988084379,1737988084875,11,7,-62.23
20,A,Front1,1,1737988125891,1737988126374,14,28,-64.43
20,A,Front2,1,1737988126031,1737988126336,9,30,-63.44
20,A,Front3,1,1737988126102,1737988126520,12,31,-57.71
20,A,Side1,1,1737988126563,1737988126946,11,20,-59.23
20,A,Side2,1,1737988126566,1737988126950,11,22,-56.86
20,A,Side3,1,1737988126638,1737988126986,10,25,-58.05
20,A,Back1,1,1737988126968,1737988127727,14,26,-63.75
20,A,Back2,1,1737988127171,1737988127583,10,8,-62.95
20,A,Back3,1,1737988127252,1737988127580,8,5,-66.75
30,A,Front1,1,1737988163686,1737988164063,10,29,-64.60
30,A,Front2,1,1737988163706,1737988163957,7,31,-63.36
30,A,Front3,1,1737988163769,1737988164124,10,32,-59.05
30,A,Side1,1,1737988164167,1737988164477,9,21,-60.78
30,A,Side2,1,1737988164169,1737988164511,10,23,-59.30
30,A,Side3,1,1737988164241,1737988164565,9,26,-60.89
30,A,Back1,1,1737988164635,1737988165068,10,27,-62.45
30,A,Back2,1,1737988164646,1737988165043,10,9,-64.60
30,A,Back3,1,1737988164720,1737988165058,8,6,-68.50
30,A,Front1,1,1737988203701,1737988204129,12,30,-64.50
30,A,Front2,1,1737988203791,1737988204055,8,32,-63.81
30,A,Front3,1,1737988203866,1737988204203,10,33,-57.70
30,A,Side2,1,1737988204245,1737988204553,9,24,-57.06
30,A,Side1,1,1737988204248,1737988204551,9,22,-59.33
30,A,Side3,1,1737988204319,1737988204589,8,27,-58.50
30,A,Back1,1,1737988204557,1737988205144,13,28,-64.12
30,A,Back3,1,1737988204746,1737988205014,8,7,-66.06
30,A,Back2,1,1737988204748,1737988205112,9,10,-63.06
30,A,Front1,1,1737988243002,1737988243418,12,31,-64.67
30,A,Front2,1,1737988243098,1737988243342,8,33,-63.56
30,A,Front3,1,1737988243156,1737988243491,10,34,-57.80
30,A,Side1,1,1737988243534,1737988243797,8,23,-58.56
30,A,Side2,1,1737988243535,1737988243847,8,25,-57.44
30,A,Side3,1,1737988243605,1737988243848,7,28,-57.79
30,A,Back1,1,1737988243863,1737988244423,12,29,-63.62
30,A,Back2,1,1737988244016,1737988244439,10,11,-64.50
30,A,Back3,1,1737988244021,1737988244282,8,8,-66.12
50,A,Front1,1,1737988293123,1737988293383,8,32,-64.12
50,A,Front3,1,1737988293195,1737988293381,6,35,-56.67
50,A,Front2,1,1737988293200,1737988293303,4,34,-61.88
50,A,Side1,1,1737988293506,1737988293616,4,24,-56.88
50,A,Side2,1,1737988293509,1737988293662,5,26,-56.00
50,A,Side3,1,1737988293511,1737988293658,5,29,-57.80
50,A,Back1,1,1737988293738,1737988293969,6,30,-61.17
50,A,Back2,1,1737988293739,1737988293972,6,12,-64.00
50,A,Back3,1,1737988293814,1737988293967,4,9,-66.38
50,A,Front1,1,1737988336438,1737988336698,8,33,-64.75
50,A,Front3,1,1737988336514,1737988336744,7,36,-59.14
50,A,Front2,1,1737988336517,1737988336623,4,35,-62.62
50,A,Side1,1,1737988336811,1737988336925,4,25,-57.00
50,A,Side3,1,1737988336813,1737988336999,6,30,-60.50
50,A,Side2,1,1737988336815,1737988336965,5,27,-56.20
50,A,Back2,1,1737988337058,1737988337240,6,13,-63.83
50,A,Back1,1,1737988337060,1737988337342,7,31,-62.43
50,A,Back3,1,1737988337136,1737988337239,4,10,-66.75
40,A,Front1,1,1737988455487,1737988455722,7,34,-65.29
40,A,Front2,1,1737988455578,1737988455751,6,36,-65.00
40,A,Front3,1,1737988455641,1737988455896,8,37,-61.19
40,A,Side1,1,1737988455939,1737988456123,6,26,-61.50
40,A,Side2,1,1737988455941,1737988456173,7,28,-60.57
40,A,Side3,1,1737988455942,1737988456203,8,31,-62.81
40,A,Back1,1,1737988456281,1737988456579,8,32,-64.81
40,A,Back2,1,1737988456342,1737988456582,6,14,-66.83
40,A,Back3,1,1737988456347,1737988456454,4,11,-69.12
40,A,Front1,1,1737988498068,1737988498336,8,35,-62.50
40,A,Front3,1,1737988498140,1737988498408,8,38,-58.81
40,A,Front2,1,1737988498168,1737988498303,5,37,-61.60
40,A,Side1,1,1737988498451,1737988498634,6,27,-58.50
40,A,Side2,1,1737988498452,1737988498683,7,29,-57.93
40,A,Side3,1,1737988498526,1737988498681,5,32,-57.70
40,A,Back1,1,1737988498694,1737988499115,8,33,-64.38
40,A,Back2,1,1737988498835,1737988499129,6,15,-65.00
40,A,Back3,1,1737988498838,1737988499079,5,12,-68.00
20,C,Front3,9,1737985692848,1737985693654,17,1,-65.80
20,C,Front1,9,1737985692863,1737985693524,14,1,-68.63
20,C,Front2,9,1737985692980,1737985693540,12,1,-66.85
20,C,Side1,9,1737985694066,1737985694227,5,1,-70.70
20,C,Side2,9,1737985694071,1737985694261,6,1,-70.19
20,C,Side3,9,1737985694143,1737985694304,5,1,-71.72
20,C,Back1,9,1737985694675,1737985694912,7,1,-70.25
20,C,Back2,9,1737985694746,1737985694777,2,1,-72.00
20,C,Front1,9,1737985777242,1737985777998,14,2,-66.80
20,C,Front3,9,1737985777370,1737985778088,14,2,-64.02
20,C,Front2,9,1737985777371,1737985778013,13,2,-65.40
20,C,Side1,9,1737985778481,1737985778725,7,2,-70.75
20,C,Side2,9,1737985778551,1737985778755,6,2,-69.08
20,C,Side3,9,1737985778555,1737985778797,7,2,-70.97
20,C,Back1,9,1737985779153,1737985779313,6,2,-70.58
20,C,Back2,9,1737985779211,1737985779334,4,2,-72.62
20,C,Front1,9,1737985845727,1737985846502,16,3,-66.49
20,C,Front3,9,1737985845853,1737985846574,16,3,-63.28
20,C,Front2,9,1737985845985,1737985846512,12,3,-64.75
20,C,Side3,9,1737985847014,1737985847207,6,3,-70.25
20,C,Side1,9,1737985847015,1737985847120,4,3,-69.78
20,C,Side2,9,1737985847016,1737985847122,4,3,-67.50
20,C,Back1,9,1737985847526,1737985847703,6,3,-70.29
20,C,Back2,9,1737985847597,1737985847724,4,3,-72.40
20,C,Front1,9,1737985907937,1737985908677,16,4,-66.16
20,C,Front3,9,1737985908067,1737985908760,16,4,-63.57
20,C,Front2,9,1737985908199,1737985908741,12,4,-64.23
20,C,Side1,9,1737985909152,1737985909336,6,4,-70.05
20,C,Side2,9,1737985909154,1737985909335,6,4,-67.25
20,C,Side3,9,1737985909231,1737985909410,6,4,-69.75
20,C,Back1,9,1737985909712,1737985909955,7,4,-70.00
20,C,Back2,9,1737985909786,1737985909914,4,4,-72.75
30,C,Front3,9,1737985974314,1737985974855,11,5,-64.68
30,C,Front1,9,1737985974338,1737985974768,7,5,-66.53
30,C,Front2,9,1737985974459,1737985974791,7,5,-65.04
30,C,Side1,9,1737985975130,1737985975272,3,5,-71.00
30,C,Side3,9,1737985975202,1737985975275,3,5,-71.28
30,C,Side2,9,1737985975278,1737985975278,1,5,-67.88
30,C,Back1,9,1737985975584,1737985975693,4,5,-71.89
30,C,Back2,9,1737985975672,1737985975672,1,5,-74.50
30,C,Front2,9,1737986036757,1737986037079,8,6,-67.86
30,C,Front3,9,1737986036885,1737986037260,11,6,-66.68
30,C,Side1,9,1737986037687,1737986037687,1,6,-72.00
30,C,Side3,9,1737986037761,1737986037761,1,6,-74.00
30,C,Back1,9,1737986038146,1737986038196,2,6,-73.75
30,C,Front1,9,1737986094971,1737986095416,10,6,-67.25
30,C,Front3,9,1737986095097,1737986095459,9,7,-64.62
30,C,Front2,9,1737986095098,1737986095413,8,7,-65.60
30,C,Side1,9,1737986095787,1737986095935,3,7,-71.42
30,C,Side3,9,1737986095861,1737986095958,4,7,-71.70
30,C,Side2,9,1737986095934,1737986095934,1,6,-68.80
30,C,Back1,9,1737986096230,1737986096327,4,7,-71.06
30,C,Back2,9,1737986096299,1737986096299,1,6,-72.50
30,C,Front2,9,1737986153027,1737986153345,7,8,-66.56
30,C,Front3,9,1737986153156,1737986153479,9,8,-64.92
30,C,Front1,9,1737986153191,1737986153191,1,7,-66.50
30,C,Back1,9,1737986154312,1737986154356,2,8,-74.00
50,C,Front2,9,1737986204994,1737986205151,4,9,-66.25
50,C,Front3,9,1737986205122,1737986205266,5,9,-64.94
50,C,Front3,9,1737986256867,1737986257162,8,10,-65.25
50,C,Front2,9,1737986256984,1737986257063,3,10,-65.23
50,C,Back1,9,1737986257633,1737986257664,2,9,-72.00
50,C,Front2,9,1737986318612,1737986318780,4,11,-66.73
50,C,Front3,9,1737986318641,1737986318851,6,11,-66.11
50,C,Back1,9,1737986319379,1737986319407,2,10,-73.75
50,C,Front3,9,1737986369851,1737986370154,7,12,-65.44
50,C,Front2,9,1737986369866,1737986370081,4,12,-67.18
50,C,Front1,9,1737986370004,1737986370034,2,8,-66.87
50,C,Side3,9,1737986370388,1737986370388,1,8,-72.20
50,C,Back1,9,1737986370618,1737986370710,3,11,-73.50
60,C,Front2,9,1737986421568,1737986421696,3,13,-65.77
60,C,Front3,9,1737986421572,1737986421769,5,13,-65.10
60,C,Back1,9,1737986422154,1737986422183,2,12,-72.50
60,C,Front2,9,1737986485670,1737986485811,3,14,-65.10
60,C,Front3,9,1737986485685,1737986485905,6,14,-65.27
60,C,Back1,9,1737986486278,1737986486304,2,13,-71.88
60,C,Front2,9,1737986542446,1737986542476,2,15,-66.19
60,C,Front3,9,1737986542450,1737986542551,4,15,-65.79
60,C,Back1,9,1737986542958,1737986542981,2,14,-73.83
60,C,Front3,9,1737986599303,1737986599503,5,16,-65.16
60,C,Front2,9,1737986599306,1737986599435,3,16,-64.68
60,C,Back1,9,1737986599905,1737986599929,2,15,-72.50
90,C,Front2,9,1737986664167,1737986664200,2,17,-67.00
90,C,Front3,9,1737986664173,1737986664275,4,17,-65.15
90,C,Back1,9,1737986664577,1737986664615,2,16,-72.75
50,C,Front1,9,1737987023518,1737987023806,7,9,-66.62
50,C,Front2,9,1737987023653,1737987023826,5,18,-64.38
50,C,Front3,9,1737987023655,1737987023847,6,18,-63.35
50,C,Side1,9,1737987024026,1737987024101,3,8,-68.80
50,C,Side2,9,1737987024098,1737987024098,1,7,-65.67
50,C,Side3,9,1737987024100,1737987024130,2,9,-69.10
50,C,Back1,9,1737987024292,1737987024362,3,17,-70.86
50,C,Front3,9,1737987227787,1737987227811,2,19,-69.75
20,B,Front3,9,1737987470245,1737987471270,14,20,-72.25
20,B,Front2,9,1737987470404,1737987470979,10,19,-70.65
20,B,Front1,9,1737987470667,1737987470975,6,10,-68.33
20,B,Side1,9,1737987471575,1737987471673,4,9,-69.38
20,B,Side2,9,1737987471638,1737987471814,3,8,-66.67
20,B,Side3,9,1737987471643,1737987471903,5,10,-69.90
20,B,Back2,9,1737987472093,1737987472834,19,7,-68.52
20,B,Back1,9,1737987472094,1737987473029,24,18,-67.86
20,B,Back3,9,1737987472312,1737987472708,11,1,-72.14
20,B,Front1,9,1737987554981,1737987555996,16,11,-69.73
20,B,Front2,9,1737987555154,1737987556131,14,20,-70.46
20,B,Front3,9,1737987555277,1737987556329,18,21,-67.78
20,B,Side1,9,1737987556549,1737987556808,8,10,-65.86
20,B,Side2,9,1737987556552,1737987556809,8,9,-62.80
20,B,Side3,9,1737987556627,1737987556882,8,11,-66.58
20,B,Back2,9,1737987557034,1737987557981,26,8,-66.30
20,B,Back1,9,1737987557036,1737987558138,30,19,-65.78
20,B,Back3,9,1737987557109,1737987557968,23,2,-68.78
20,B,Front1,9,1737987611988,1737987613158,18,12,-69.96
20,B,Front3,9,1737987612166,1737987613460,19,22,-67.74
20,B,Front2,9,1737987612423,1737987613257,13,21,-70.09
20,B,Side1,9,1737987613672,1737987613928,8,11,-64.78
20,B,Side2,9,1737987613748,1737987614006,8,10,-63.30
20,B,Side3,9,1737987613749,1737987614052,9,12,-65.77
20,B,Back2,9,1737987614191,1737987615163,26,9,-66.66
20,B,Back1,9,1737987614196,1737987615354,30,20,-66.84
20,B,Back3,9,1737987614343,1737987615242,23,3,-69.15
20,B,Front2,9,1737987661705,1737987662358,16,22,-72.22
20,B,Front3,9,1737987661849,1737987662656,15,23,-72.57
20,B,Front1,9,1737987661996,1737987662317,9,13,-69.50
20,B,Side2,9,1737987662992,1737987663072,3,11,-68.67
20,B,Side1,9,1737987662995,1737987663022,2,12,-70.00
20,B,Side3,9,1737987662997,1737987663142,5,13,-69.70
20,B,Back1,9,1737987663373,1737987664127,20,21,-67.95
20,B,Back2,9,1737987663445,1737987663967,14,10,-69.93
20,B,Back3,9,1737987663827,1737987663878,2,4,-76.50
30,B,Front3,9,1737987718309,1737987719184,15,24,-69.80
30,B,Front2,9,1737987718437,1737987719020,10,23,-69.27
30,B,Front1,9,1737987718461,1737987718872,8,14,-69.70
30,B,Side2,9,1737987719491,1737987719582,3,12,-64.33
30,B,Side1,9,1737987719508,1737987719541,2,13,-68.25
30,B,Side3,9,1737987719521,1737987719615,4,14,-68.08
30,B,Back1,9,1737987719732,1737987720595,23,22,-68.09
30,B,Back2,9,1737987719804,1737987720434,17,11,-66.62
30,B,Back3,9,1737987719902,1737987720363,13,5,-70.42
30,B,Front3,9,1737987762093,1737987762853,12,25,-70.22
30,B,Front2,9,1737987762226,1737987762645,7,24,-70.77
30,B,Front1,9,1737987762352,1737987762647,6,15,-69.14
30,B,Side1,9,1737987763134,1737987763234,4,14,-68.90
30,B,Side2,9,1737987763206,1737987763305,4,13,-66.12
30,B,Side3,9,1737987763208,1737987763361,5,15,-68.42
30,B,Back1,9,1737987763464,1737987764157,19,23,-68.53
30,B,Back2,9,1737987763533,1737987764029,14,12,-67.54
30,B,Back3,9,1737987763685,1737987764043,10,6,-72.00
30,B,Front3,9,1737987809185,1737987809963,14,26,-69.66
30,B,Front1,9,1737987809315,1737987809731,7,16,-68.79
30,B,Front2,9,1737987809319,1737987809840,9,25,-70.23
30,B,Side1,9,1737987810170,1737987810348,6,15,-67.17
30,B,Side2,9,1737987810241,1737987810393,5,14,-64.60
30,B,Side3,9,1737987810243,1737987810423,6,16,-66.50
30,B,Back1,9,1737987810520,1737987811338,22,24,-67.38
30,B,Back2,9,1737987810593,1737987811237,18,13,-66.81
30,B,Back3,9,1737987810668,1737987811173,14,7,-70.50
50,B,Front1,9,1737987857997,1737987858460,9,17,-70.45
50,B,Front2,9,1737987858195,1737987858487,6,26,-69.67
50,B,Front3,9,1737987858196,1737987858614,8,27,-68.44
50,B,Side2,9,1737987858774,1737987858884,4,15,-64.12
50,B,Side1,9,1737987858776,1737987858856,3,16,-66.33
50,B,Side3,9,1737987858779,1737987858883,4,17,-65.62
50,B,Back1,9,1737987858961,1737987859503,15,25,-67.84
50,B,Back2,9,1737987859034,1737987859366,10,14,-65.50
50,B,Back3,9,1737987859108,1737987859368,8,8,-69.88
50,B,Front2,9,1737987916308,1737987916604,5,27,-70.40
50,B,Front1,9,1737987916434,1737987916462,2,18,-67.50
50,B,Front3,9,1737987916438,1737987916675,5,28,-71.85
50,B,Side1,9,1737987916836,1737987916919,3,17,-69.17
50,B,Side2,9,1737987916848,1737987916920,3,16,-67.17
50,B,Side3,9,1737987916922,1737987916946,2,18,-69.00
50,B,Back1,9,1737987917061,1737987917502,11,26,-69.27
50,B,Back2,9,1737987917186,1737987917450,8,15,-67.94
50,B,Back3,9,1737987917188,1737987917461,6,9,-72.92
50,B,Front3,9,1737987964330,1737987964770,8,29,-70.71
50,B,Front1,9,1737987964468,1737987964628,4,19,-68.62
50,B,Front2,9,1737987964470,1737987964741,5,28,-70.33
50,B,Side1,9,1737987964944,1737987965017,3,18,-67.50
50,B,Side2,9,1737987965011,1737987965044,2,17,-64.50
50,B,Side3,9,1737987965016,1737987965041,2,19,-65.00
50,B,Back1,9,1737987965189,1737987965614,12,27,-68.05
50,B,Back2,9,1737987965236,1737987965566,10,16,-66.70
50,B,Back3,9,1737987965309,1737987965493,6,10,-70.50
20,A,Front1,9,1737988040060,1737988041022,11,20,-62.94
20,A,Front2,9,1737988040186,1737988040981,16,29,-64.75
20,A,Front3,9,1737988040187,1737988041127,20,30,-60.15
20,A,Side1,9,1737988041202,1737988041530,10,19,-57.05
20,A,Side3,9,1737988041274,1737988041609,10,20,-58.43
20,A,Side2,9,1737988041278,1737988041613,10,18,-54.93
20,A,Back1,9,1737988041589,1737988042151,14,28,-64.15
20,A,Back2,9,1737988041683,1737988042123,10,17,-64.53
20,A,Back3,9,1737988041897,1737988042078,6,11,-67.72
20,A,Front3,9,1737988084675,1737988085595,20,31,-60.01
20,A,Front2,9,1737988084808,1737988085494,17,30,-64.02
20,A,Front1,9,1737988084937,1737988085523,14,21,-63.84
20,A,Side1,9,1737988085692,1737988086019,10,20,-57.88
20,A,Side2,9,1737988085765,1737988086068,9,19,-55.58
20,A,Side3,9,1737988085766,1737988086099,10,21,-58.02
20,A,Back1,9,1737988086066,1737988086609,14,29,-64.78
20,A,Back2,9,1737988086281,1737988086584,9,18,-64.15
20,A,Back3,9,1737988086352,1737988086506,5,12,-67.63
20,A,Front2,9,1737988127491,1737988128245,15,31,-65.40
20,A,Front3,9,1737988127621,1737988128350,16,32,-60.43
20,A,Front1,9,1737988127760,1737988128278,10,22,-64.40
20,A,Side1,9,1737988128445,1737988128747,9,21,-58.75
20,A,Side2,9,1737988128515,1737988128772,8,20,-55.74
20,A,Side3,9,1737988128517,1737988128821,9,22,-57.97
20,A,Back1,9,1737988128834,1737988129332,14,30,-65.32
20,A,Back2,9,1737988129002,1737988129260,8,19,-64.81
20,A,Back3,9,1737988129072,1737988129224,5,13,-68.35
30,A,Front2,9,1737988164941,1737988165555,15,32,-64.41
30,A,Front3,9,1737988165101,1737988165587,14,33,-60.06
30,A,Front1,9,1737988165105,1737988165486,11,23,-64.00
30,A,Side1,9,1737988165740,1737988165970,7,22,-59.53
30,A,Side2,9,1737988165741,1737988166002,8,21,-57.94
30,A,Side3,9,1737988165743,1737988166000,8,23,-59.62
30,A,Back1,9,1737988166064,1737988166396,10,31,-64.47
30,A,Back2,9,1737988166207,1737988166395,6,20,-65.44
30,A,Back3,9,1737988166283,1737988166378,3,14,-69.64
30,A,Front3,9,1737988205049,1737988205710,17,34,-60.43
30,A,Front2,9,1737988205053,1737988205590,14,33,-63.41
30,A,Front1,9,1737988205184,1737988205558,11,24,-63.59
30,A,Side1,9,1737988205782,1737988205933,5,23,-58.75
30,A,Side2,9,1737988205855,1737988206065,4,22,-56.19
30,A,Side3,9,1737988205857,1737988206107,5,24,-59.19
30,A,Back1,9,1737988206109,1737988206495,11,32,-65.00
30,A,Back2,9,1737988206133,1737988206516,9,21,-65.75
30,A,Back3,9,1737988206346,1737988206415,3,15,-67.18
30,A,Front3,9,1737988244315,1737988244925,15,35,-60.50
30,A,Front2,9,1737988244317,1737988244851,13,34,-64.14
30,A,Front1,9,1737988244480,1737988244779,9,25,-64.00
30,A,Side1,9,1737988244995,1737988245240,8,24,-59.31
30,A,Side3,9,1737988245064,1737988245286,7,25,-57.82
30,A,Side2,9,1737988245069,1737988245288,7,23,-56.90
30,A,Back1,9,1737988245301,1737988245677,7,33,-64.71
30,A,Back2,9,1737988245529,1737988245633,4,22,-65.21
30,A,Back3,9,1737988245531,1737988245600,3,16,-67.50
50,A,Front2,9,1737988294007,1737988294307,9,35,-63.88
50,A,Front3,9,1737988294010,1737988294380,11,36,-60.41
50,A,Front1,9,1737988294084,1737988294262,6,26,-63.29
50,A,Side1,9,1737988294450,1737988294610,5,25,-58.61
50,A,Side2,9,1737988294452,1737988294616,5,24,-56.45
50,A,Side3,9,1737988294474,1737988294645,6,26,-59.00
50,A,Back1,9,1737988294706,1737988294879,6,34,-63.25
50,A,Back2,9,1737988294773,1737988294882,4,23,-65.20
50,A,Back3,9,1737988294778,1737988294851,3,17,-68.36
50,A,Front2,9,1737988337276,1737988337589,8,36,-63.92
50,A,Front3,9,1737988337279,1737988337662,10,37,-61.38
50,A,Front1,9,1737988337404,1737988337556,5,27,-63.58
50,A,Side1,9,1737988337706,1737988337852,5,26,-58.72
50,A,Side3,9,1737988337774,1737988337880,4,27,-59.10
50,A,Side2,9,1737988337777,1737988337883,4,25,-56.33
50,A,Back1,9,1737988337961,1737988338155,6,35,-64.54
50,A,Back2,9,1737988338032,1737988338117,3,24,-64.94
50,A,Back3,9,1737988338036,1737988338079,2,18,-68.75
40,A,Front2,9,1737988456615,1737988456943,9,37,-65.40
40,A,Front3,9,1737988456616,1737988457037,12,38,-63.12
40,A,Front1,9,1737988456619,1737988456894,8,28,-65.37
40,A,Side1,9,1737988457100,1737988457304,6,27,-61.58
40,A,Side3,9,1737988457170,1737988457338,5,28,-61.46
40,A,Side2,9,1737988457173,1737988457279,4,26,-58.91
40,A,Back2,9,1737988457495,1737988457646,5,25,-68.14
40,A,Back1,9,1737988457496,1737988457674,6,36,-65.43
40,A,Front3,9,1737988498999,1737988499491,12,39,-60.60
40,A,Front1,9,1737988499154,1737988499477,9,29,-63.03
40,A,Front2,9,1737988499159,1737988499409,8,38,-62.08
40,A,Side2,9,1737988499569,1737988499752,6,27,-57.23
40,A,Side1,9,1737988499571,1737988499754,6,28,-58.96
40,A,Side3,9,1737988499646,1737988499750,4,29,-56.44
40,A,Back1,9,1737988499798,1737988500059,8,37,-65.41
40,A,Back3,9,1737988499952,1737988500027,3,19,-69.19
40,A,Back2,9,1737988499956,1737988500062,4,26,-65.85
